{
    "token": "tokeninizi giriniz",
    "channelid": "hangi kanalda çalışacak ise o kanalın idsini giriniz",
    "ownerid": "botun komutlarını kullanabilecek yetkilinin idsini giriniz",



    "owosystemstatus": "0",
    "captchasecurity": "1",
    "systems": {
        "whunt": "1",
        "wbattle": "1",
        "whug": "1",
        "wkiss": "1",
        "wcf": "1"
    },
    "securitytime": "3",
    "owomessage": "0",
    "owomessagestatus": "0",
    "owomessagetype": "0",
    "owosecurity": "1",
    "autosell": "0",
    "autogive": "0",
    "hunt": 1,
    "battle": 1,
    "kiss": 1,
    "hug": 1,
    "cf": 1
}